Dien tich,1/Khoang Cach,Gia
5.926926099834085448e+01,7.758703200122053778e-02,1.741062681731769544e+03
1.460154487049076693e+02,7.615808543249151519e-02,3.954491365183235757e+03
6.421956210645549845e+01,8.305461590726677390e-02,1.863418712427801665e+03
1.018357186004592734e+02,8.301028815277196327e-02,2.845358267040879127e+03
1.351864009885190683e+02,5.808501791190844726e-02,3.615733820749556799e+03
9.477197272357510371e+01,1.203673560816914123e-01,2.792301900202872730e+03
1.139894681867797317e+02,6.618990678995981813e-01,4.893647874437650898e+03
8.557020643225121148e+01,7.048834503075968039e-01,4.297914963904659089e+03
9.952348194494796019e+01,6.020792988913840904e-02,2.721718788179255625e+03
1.335797824240548266e+02,1.309381799402419555e-01,3.801197771254578129e+03
6.578660692240244146e+01,8.615689041382199043e-02,1.932704463546385796e+03
1.195635609078733808e+02,1.611760424733514607e-01,3.541926659759222275e+03
6.966103299988964181e+01,6.673297628823723904e-02,2.005492916814601358e+03
7.814074885580674845e+01,1.804469183698352019e-01,2.524154960939355533e+03
5.767494877303811052e+01,5.867892472872686671e-01,3.225229330161248072e+03
3.257618224281682018e+01,7.336132780482879090e-02,1.052704352253761954e+03
9.740080904600459633e+01,7.040222930604546347e-02,2.686205369305067961e+03
1.045863350723022904e+02,1.324846795130600052e-01,3.078047377588574818e+03
9.081958773927540562e+01,2.914811419870507181e-01,3.183241459223182119e+03
1.000955636611590620e+02,6.807592032855704078e-02,2.759758642905346278e+03
5.612388113447585880e+01,5.526540884103576384e-02,1.592142228164698963e+03
3.238734326950098108e+01,8.090033149179594318e-02,1.056896791559633584e+03
1.247387528743893483e+02,1.215341839187583428e+00,6.820886944236142881e+03
1.268498949686869679e+02,4.129271296527055046e-01,4.483531734518303892e+03
1.208935376745394592e+02,7.876406296359471371e-02,3.326532210806845342e+03
6.529021018857365277e+01,7.215487584692206746e-02,1.868191133685320665e+03
1.447313323346614595e+02,6.081760339337781707e-01,5.525391270061423711e+03
9.680857009019720749e+01,2.042249756012369521e-01,3.068135474135246113e+03
5.773484299235865080e+01,6.296160322051985725e-02,1.640865025725791384e+03
1.264006973633604645e+02,2.148758369769869780e-01,3.854131476374856447e+03
1.015243238761045603e+02,5.909091270681424146e-02,2.768657077113547075e+03
7.164505969884352510e+01,2.646091300556505099e-01,2.601769963006057878e+03
1.051547272774543842e+02,6.886101361766173989e-02,2.872466326692717303e+03
1.449849103797024270e+02,7.045663172917827899e-02,3.913995146262652725e+03
3.770603982937710441e+01,5.205707381796243621e-02,1.115791191463710220e+03
8.188769490848309829e+01,5.392566313646240950e-02,2.248207187390162289e+03
1.403944944062835418e+02,7.623964283692973021e-02,3.820662027074563866e+03
3.194468005044269177e+01,8.601075013542870684e-02,1.082512984245344796e+03
1.196686575138720912e+02,2.708846608124421129e-01,3.858051704868564229e+03
4.404806939176064162e+01,2.932833793204041029e-01,2.007160550331151398e+03
6.173267329568867723e+01,1.156222085123278925e-01,1.920098009802713023e+03
1.020420511555094976e+02,5.692980386230706014e-02,2.787021335595358778e+03
5.091224047094069505e+01,7.245406474997460877e-02,1.524991832619964271e+03
1.259691468355781296e+02,8.249282399911261887e-02,3.464165938104844372e+03
8.792319261658593632e+01,5.392269797995977165e-02,2.414929195238477860e+03
6.768774957531122993e+01,1.297642571624443852e-01,2.110319280577391964e+03
8.158053643871312488e+01,1.084840593489774935e-01,2.409745664471238342e+03
7.777167964448449311e+01,2.103116367297434841e-01,2.615018862670386170e+03
3.283784908140938086e+01,6.849950454625512719e-02,1.043778607796619099e+03
4.191286936039112732e+01,1.155067512566643334e-01,1.421835839105133800e+03
1.322003825890649296e+02,6.609111623443163219e-02,3.561000557491447125e+03
7.589226021964051938e+01,8.465955570495163618e-02,2.183203923255563950e+03
8.461317836896324707e+01,5.013010907829884566e-02,2.319634435320758257e+03
6.913046850474677285e+01,6.093505146864353073e-02,1.927115102532656920e+03
8.032140605709619763e+01,6.783332355893337273e-02,2.242554103918237615e+03
7.181101505908061711e+01,6.925364772506185929e-02,2.049844442291330324e+03
7.735395551281111182e+01,8.161812792746199474e-02,2.200113421131734412e+03
8.930876023620407977e+01,1.779187120647619247e-01,2.796285628562499824e+03
4.956617257324217007e+01,2.006250372716004426e-01,1.857501480163827182e+03
8.622347668479511640e+01,8.110163570262628185e-02,2.454139674043433843e+03
8.697450284445685043e+01,1.209658389687028768e+00,5.847407040555546700e+03
4.874477307253420122e+01,5.430332168598829556e-02,1.420774399088934842e+03
9.462015937025806522e+01,8.062088787928978206e-02,2.659295732648137346e+03
1.004600157693217000e+02,4.540679568932839416e-01,3.917258008172051177e+03
1.145706096038539243e+02,1.291951827793829666e-01,3.314582233545348572e+03
8.630321468256080664e+01,3.780164790325726276e-01,3.315225457697766615e+03
4.496908663474241763e+01,1.021337988025541876e-01,1.447658324096582874e+03
5.502814935599080570e+01,1.523589268023781695e-01,1.862387585757633815e+03
5.615418562705301042e+01,5.440623031471074345e-02,1.599690220910181779e+03
3.692931871492075402e+01,8.204022757000631327e-02,1.199219288638267017e+03
1.454844779411388913e+02,3.519382278624217375e-01,4.776056172479318775e+03
1.344691578655534272e+02,1.935655988524626892e-01,4.017437347287215289e+03
1.497545273367390450e+02,2.363003342163257081e-01,4.536303963172252224e+03
6.475314012279662279e+01,1.151780971904496215e-01,2.001185509694252460e+03
9.796197241338755646e+01,7.859976419103262280e-02,2.732861036584166868e+03
1.090325415414731509e+02,9.061835327720131616e-02,3.060373979693169531e+03
8.906818125832126043e+01,5.102504238157552774e-02,2.420089432717100408e+03
1.200285616526399792e+02,1.778851434634894091e-01,3.572936645395269807e+03
8.298652248961609246e+01,1.046299617700828244e-01,2.438656746372289035e+03
4.042725756985792884e+01,9.161422499622094706e-02,1.319691550241504501e+03
3.896224259326474026e+01,2.845234804439313869e-01,1.864950752075960281e+03
8.902623113562040658e+01,1.265946933596882262e+00,6.076093468267502431e+03
9.860325660867779618e+01,1.046041585857934442e-01,2.825012421469330548e+03
4.440116226541860556e+01,7.806818146850834361e-02,1.376209855071891525e+03
7.386854870600369338e+01,1.414576076894502044e-01,2.308916211040732378e+03
6.287038366524920008e+01,1.325268252289695248e-01,2.011636957177116528e+03
9.110387143646677544e+01,6.451176344685746744e-02,2.516532028153942520e+03
1.263703034976567778e+02,5.073270619205843407e-02,3.373521374391601512e+03
1.244298293467554828e+02,8.355594157023554791e-02,3.441472721733706749e+03
6.629183054187512880e+01,1.072546298508159773e-01,2.016419978957007743e+03
6.292174902841653505e+01,1.012769449460223514e-01,1.907490256834980300e+03
4.389707981849327467e+01,5.713762188074748838e-02,1.294240631759204007e+03
3.554578923029214366e+01,3.342288542090838255e-01,1.904438783481339215e+03
9.093928155702658955e+01,9.641350601452342017e-01,5.198864586624077674e+03
1.074894077696404224e+02,5.722881996531778426e-02,2.922660047431649673e+03
7.727574001728555686e+01,7.127430641404879086e-02,2.185277265669491044e+03
9.339011927374514244e+01,6.886011199542589611e-02,2.583847381940995092e+03
3.118567263125967415e+01,5.434674572892375100e-01,2.430231958994085289e+03
4.533679223161867355e+01,6.061550798884148689e-02,1.332911555442971803e+03
1.126333891485033973e+02,6.852487514492609788e-02,3.076252307093483978e+03
1.451442518905296311e+02,1.473449907176991869e-01,4.137593458361599005e+03
1.148570415467228401e+02,1.012284875610328372e-01,3.212462979454882770e+03
1.198517244431640307e+02,2.140098923612294424e-01,3.693016671202484304e+03
9.915022500306707798e+01,1.940126908757063284e-01,3.107976164357937705e+03
7.626852786858138700e+01,6.816788523707129066e-02,2.161934768265220100e+03
8.938851761272565000e+01,1.861523339005555777e-01,2.831582805054804339e+03
6.533582380613802343e+01,6.555519476341918617e-02,1.858590671837828495e+03
7.265555528145671360e+01,1.169977859947403526e-01,2.196747459861422612e+03
1.300520632415644400e+02,9.018801876700353881e-02,3.578419043438893823e+03
1.227307908167924921e+02,2.080624035028680596e-01,3.754908437590932863e+03
1.042324940824593256e+02,2.132382538887521994e-01,3.291022939491190755e+03
8.767014232855561318e+01,1.716393769539675818e-01,2.756265989565075415e+03
8.219256209886739839e+01,3.568705391717532094e-01,3.173018832514192582e+03
5.339229135911176627e+01,5.740530630833093895e-01,3.089617177700904449e+03
3.457382133897571919e+01,1.169484313752050808e-01,1.230406907634643630e+03
1.341566182538056182e+02,7.696103120177566481e-02,3.657749563303821560e+03
1.274425916548825199e+02,6.285232403124320355e-02,3.424877614434188672e+03
1.060838517109783083e+02,8.223291649466897557e-02,2.961640181093751835e+03
8.552187901029878958e+01,6.228841178612171126e-02,2.355028756327526935e+03
1.498167564276698158e+02,4.121050625057617323e-01,5.061097641655293955e+03
9.807722763851916170e+01,4.246894349107397382e-01,3.784439306438360290e+03
6.351472852455339080e+01,4.219553583599091051e-01,2.875015342393555329e+03
1.350242659756702324e+02,6.071274164012165908e-01,5.266759012219390570e+03
9.686765519624029253e+01,7.782561003908812503e-02,2.694380297016994518e+03
5.148676229050765585e+01,7.803761011673673864e-02,1.544348334065240124e+03
6.880827017355936448e+01,1.142491570229634545e-01,2.103778228452588337e+03
9.204232239854796660e+01,6.413969584250929501e-02,2.563934551042236308e+03
3.883409367486578390e+01,2.265480027097664384e-01,1.682172966965434398e+03
1.225985408541482116e+02,1.283998301557069399e-01,3.506310407823471905e+03
8.831437270211273471e+01,7.221756872238921376e-02,2.457807501128656895e+03
1.153346216866304701e+02,5.359370750179859311e-02,3.092229966531082482e+03
1.023846180985247969e+02,1.801137549888457423e-01,3.173097338224060422e+03
1.133872830392258635e+02,7.203362705659094312e-02,3.105710673329005658e+03
1.340903799466866531e+02,8.783894686519740092e-02,3.681159547918007775e+03
9.509293516556441261e+01,9.045568084368428574e-02,2.686526061109566854e+03
1.466693266879713633e+02,3.450914929877463844e-01,4.775665121948650267e+03
1.421522558140085835e+02,8.887130385794365928e-02,3.895866308999213743e+03
7.858815081254218171e+01,7.149613766437969142e-02,2.223764557953208623e+03
4.695746136361954370e+01,5.965226462178945671e-02,1.369571146628990846e+03
1.102201414197817400e+02,8.049574410121350387e-02,3.052596132365349604e+03
1.122166714461281458e+02,8.443182973447342643e-02,3.121696639386998868e+03
3.513003143167308906e+01,1.336285091284881987e-01,1.302551620695646534e+03
5.937987785895176529e+01,1.441156043853751012e-01,1.945440792156811312e+03
9.073202283624178222e+01,1.107021661511465305e-01,2.638117858438585699e+03
1.326582148235389695e+02,7.494525055897230392e-02,3.612571488722519462e+03
3.628223269655612171e+01,6.386361355968624143e-02,1.122403667115752341e+03
3.527793424745319584e+01,5.373205545835962882e-02,1.071821717055459430e+03
8.065373518699045974e+01,5.291357968715369731e-02,2.212246665781110551e+03
6.927537673427580955e+01,8.878405366473579585e-02,2.043018927877459646e+03
9.759715313281590454e+01,4.486079033939019411e-01,3.812360103010456442e+03
9.201523243408317398e+01,1.015717339091696397e-01,2.649029345809771712e+03
1.409849395292776819e+02,1.223951129597652676e-01,3.954548904037273132e+03
1.405170384142676880e+02,6.874643321836348964e-02,3.782239735071366340e+03
5.518257060819490789e+01,7.336908162286415180e-02,1.620281906673788399e+03
3.810884374932162189e+01,6.010626178673165315e-02,1.144747347957843658e+03
1.180231044780475571e+02,6.147154301573104496e-02,3.189226998510207068e+03
9.703249579116958046e+01,6.405886095748049291e-02,2.664348722384318080e+03
1.080534732372706657e+02,7.394181284332606019e-01,4.982797968822103030e+03
5.693170667382352690e+01,7.752355831031673694e-02,1.687605753709206965e+03
1.498450660959396146e+02,2.718489815554386291e-01,4.646217398041683737e+03
1.117366235638904328e+02,1.301391977282417289e-01,3.230624932511195766e+03
1.498586692124393949e+02,2.113868335039761071e-01,4.450714659145039150e+03
1.217852987640053044e+02,8.063154350678233828e-02,3.321720458451211925e+03
1.091804768651527127e+02,1.643157824278438373e-01,3.274060547343743110e+03
8.072610118323061101e+01,1.278906257190338125e-01,2.438558402070354987e+03
1.475768132347185428e+02,6.040235979418933504e-02,3.927880389309327256e+03
8.785630983038782915e+01,8.323631304356556015e-02,2.484330810983821721e+03
5.290431187705311089e+01,5.909958878557623752e-02,1.536043884306523296e+03
1.426516955047650299e+02,5.165296694492282903e-02,3.798156954952607975e+03
1.328394434012313354e+02,9.981998356755621138e-02,3.693714466778860697e+03
6.844743717530732852e+01,4.567370511001815347e-01,3.109987709123160130e+03
1.208724686674739957e+02,1.037715561528276265e-01,3.393042648162770547e+03
1.185053068401085739e+02,7.089291353697953213e-02,3.257597561676825080e+03
1.040109118389780463e+02,6.846190505963520301e-02,2.854743932044215853e+03
7.876430108880450121e+01,6.366148131455652559e-02,2.205923466632390046e+03
7.584124352821930870e+01,2.149855294571942910e-01,2.567367762246612529e+03
1.004455579131964384e+02,1.943756684833645443e-01,3.152273926934579777e+03
8.543406142323948416e+01,5.653428192273965425e-02,2.348955622076743111e+03
1.468116066091980656e+02,2.058453516541877415e-01,4.381360043042457619e+03
1.280635084653773106e+02,7.208790246255682155e-02,3.466829934767130453e+03
6.499109372637019533e+01,1.603992922667273058e-01,2.131420599818993196e+03
6.381011150459476511e+01,2.707857780413137627e-01,2.446709462294953028e+03
5.332392196131807083e+01,6.603254525713156409e-02,1.561154138985864165e+03
3.331863973921153388e+01,5.122011334312644854e-02,9.920414187015496736e+02
7.726140002462454959e+01,7.353086034902893420e-02,2.189354765926480468e+03
9.516719591175306903e+01,1.837429762314317094e-01,2.984043224224735695e+03
8.825932942163368011e+01,3.615256992921675461e-01,3.343908428929177262e+03
4.609356845158664839e+01,5.624377681416176111e-02,1.336579447932603898e+03
9.789834830116173237e+01,7.856498135909230351e-02,2.730839302318948739e+03
1.192978376328986201e+02,8.013313504800598230e-02,3.272956261979265037e+03
1.046435285023633952e+02,1.952976860448492613e-01,3.251766991431105453e+03
6.411778947989181177e+01,2.879956989746817464e-01,2.494639610491924032e+03
5.574919685789095780e+01,8.588753383135841468e-02,1.687108933003950824e+03
6.709913536518124033e+01,1.688078297384220383e-01,2.217355557581088760e+03
1.493125051138349875e+02,5.312617618982733159e-02,3.957053492613722938e+03
1.287315353175460189e+02,8.873902017195925418e-02,3.549960275835260745e+03
1.010654533369691990e+02,1.025776467659046814e-01,2.886345729774312986e+03
8.979180765210432469e+01,6.200589417538478199e-02,2.491413452017066447e+03
3.204332426742949025e+01,6.653120689489180895e-02,1.023525527398417694e+03
6.048643100132251504e+01,5.792056032278763977e-01,3.291555880350520511e+03
9.292482819662127724e+01,2.104957932762657469e-01,3.006683825386234275e+03
3.809582831907340505e+01,6.890780096921897968e-01,3.039026913643107036e+03
1.079480954646837461e+02,5.852593544855858726e-02,2.932701369551637526e+03
1.283210198604953121e+02,9.841219566533554453e-02,3.561774802528430882e+03
4.217376842862890385e+01,1.739598071681595359e-01,1.595739371181237175e+03
1.166008394366580632e+02,1.024314481061249504e-01,3.295044426245211071e+03
4.750713353645275561e+01,5.431809827644590305e-01,2.838221294408617723e+03
7.189352870204147905e+01,5.476076407120911843e-02,1.999915410970337007e+03
7.157240291406183985e+01,6.389163740019331017e-02,2.020602932158025169e+03
7.792966240021981150e+01,7.735778118089242650e-02,2.224223097893801423e+03
6.710548628005835781e+01,4.697219218515907291e-01,3.133201388005941226e+03
1.457089351788056888e+02,2.344287804617996296e-01,4.416363910562045930e+03
1.209669969422339335e+02,5.952356278469571327e-02,3.263951199559811812e+03
8.046976592433003361e+01,2.997979260323648254e-01,2.944786497295569006e+03
1.016162134751544812e+02,2.758351386926827242e-01,3.428546617400041669e+03
4.050792365565054354e+01,7.261719459840697277e-02,1.264008236461907700e+03
1.288448523658574629e+02,7.625568464035609173e-02,3.523571099845284152e+03
3.507070004471336233e+01,2.010511831318395615e-01,1.502030166559840154e+03
1.166368726383417282e+02,1.297049200495160037e-01,3.373633264597014659e+03
1.193382142978496177e+02,1.046307808434495112e-01,3.358468772208618248e+03
7.467627683100370461e+01,7.915779167414670192e-02,2.156931041268679564e+03
7.307113407006309558e+01,5.663372042017349450e-01,3.541471598223892215e+03
8.412961174897733940e+01,6.505690456967433422e-02,2.332181131636404643e+03
5.857257318873255514e+01,1.092225960381490030e-01,1.811651333356801842e+03
1.103424117299133655e+02,2.225450763901257734e-01,3.477358052349854916e+03
1.347610466577777970e+02,1.354658804877141298e+00,7.499008274621621240e+03
8.371653639555650273e+01,1.633090677840232097e-01,2.622181880633683704e+03
1.272359491645281224e+02,1.366177795435306874e-01,3.654314424207633692e+03
7.406019293632448353e+01,5.462650469142737303e-02,2.060487008597997828e+03
7.609499171880850099e+01,8.245561027122888520e-02,2.169711700029822623e+03
5.561272813408726989e+01,9.853929853652498849e-02,1.715644947901830164e+03
1.421368864523462321e+02,6.836080704150361564e-02,3.827743985028077986e+03
1.489568806539364232e+02,7.444801533159465246e-01,6.033567940403223474e+03
7.283002212918663076e+01,5.924840381756453500e-02,2.042381885756356269e+03
4.514956855663061930e+01,8.494298045664366859e-02,1.394948429388770592e+03
6.448965973894931381e+01,5.618167990504856907e-02,1.803398384882862047e+03
1.368054853891302400e+02,5.274230108569732262e-02,3.662363601353092236e+03
6.451826583742769117e+01,8.084869989707198223e-02,1.884116360198381471e+03
7.960679993065591020e+01,5.374305252569583358e-02,2.190806198711593879e+03
3.091983424755447629e+01,1.274135976445487095e-01,1.167632017720629847e+03
6.742592893535370990e+01,3.208423443914518725e-01,2.677981114267439352e+03
1.148344188796992569e+02,6.250050002845179975e-01,4.798354809889141507e+03
5.528179966020587699e+01,6.428792091458171432e-02,1.603551488332308509e+03
6.636897550176824723e+01,5.230275867821806285e-02,1.838123685123905034e+03
1.367048720938002475e+02,4.359032664616196429e-01,4.802645978631307116e+03
1.227649744543857508e+02,9.191295307253534441e-02,3.413149578430111433e+03
4.736603710898003783e+01,1.136473367556092157e-01,1.569338597245673327e+03
1.077430781693558544e+02,1.249824599525782426e-01,3.131083331551385527e+03
9.762055285931334936e+01,8.903157060446043047e-02,2.751479310345821887e+03
1.012600749684365553e+02,1.033642923266148594e+00,5.667649264586343634e+03
1.154846841902145513e+02,1.358367195689358375e-01,3.346018160844217618e+03
6.647378371831766231e+01,1.830003552694270119e-01,2.251433965259145680e+03
5.477866211465821067e+01,6.992381227016458700e-02,1.591035811865375990e+03
7.966825157978112770e+01,7.440789467116167011e-02,2.250088953915526417e+03
7.078436277353179662e+01,5.567757572753033457e-02,1.955292950168568041e+03
4.664278768993253976e+01,7.246094380560023918e-02,1.401454357175243331e+03
1.485989520478664474e+02,7.727399606382896746e-02,4.011121025260408715e+03
1.015703493809932212e+02,1.191069522855227603e-01,2.963523041822654250e+03
3.585245181485087329e+01,6.871608110366236311e-01,2.990033873195582601e+03
3.861566395661667883e+01,3.581030441615907778e-01,2.072309285316654041e+03
1.059317402973613866e+02,1.225589291980324180e+00,6.378876114216986934e+03
1.364131026055040365e+02,6.070349537888598129e-02,3.652030128315222100e+03
4.153697961515701564e+01,2.042603273389039242e-01,1.691288570287742914e+03
1.022366222928831974e+02,5.174421093399334676e-02,2.745617930029363833e+03
1.157398966191025096e+02,1.579593369251593993e-01,3.415549869230102104e+03
1.013252058077069648e+02,3.664472256634603298e-01,3.670981468830818358e+03
1.177932656907852760e+02,8.172885793649166397e-02,3.228689309576231608e+03
1.232289121398130476e+02,9.124503064687153331e-02,3.421884735404001276e+03
4.424982800408750450e+01,1.556352903981683133e-01,1.604788863652299824e+03
3.503590947097004005e+01,4.485718439740514762e-01,2.251517604165930152e+03
6.772123470134337708e+01,2.318696948304902195e-01,2.425974784711088432e+03
1.292434481056111508e+02,6.018468636044813774e-02,3.473934390644882569e+03
1.160163430066242398e+02,5.524880939444232891e-02,3.129057835311784402e+03
7.514190026457214344e+01,5.049695931245992697e-02,2.086577132157538472e+03
3.290342700734843362e+01,2.304547734111169199e-01,1.533824126028662931e+03
8.339172228333458747e+01,4.264035958159393958e-01,3.413300843872864334e+03
1.240890923398319217e+02,6.289221404704041507e-02,3.372409782846765665e+03
1.041141558767940154e+02,2.252567146937048126e-01,3.329737211171152921e+03
1.143843948290112849e+02,7.065173612127906289e-02,3.129120168467051371e+03
4.820829341150035674e+01,1.812048739124579033e-01,1.771505094128063320e+03
3.477794291301960072e+01,5.178053657829222167e-02,1.040681774497059223e+03
4.146292594452957303e+01,7.498414551702238529e-02,1.265740454013143335e+03
5.002013693028148111e+01,8.197930651415877290e-02,1.524592776213444267e+03
9.549004433321033503e+01,1.807550669326643544e-01,2.976276576551981179e+03
1.034897782667775203e+02,2.783654647509683500e-01,3.448028565546027949e+03
9.280906099814347954e+01,1.534571795828973517e+00,6.975581542201387492e+03
9.905657028525257601e+01,8.069275816924945111e-02,2.769036448293851208e+03
1.166926575988165382e+02,1.137618435538390177e-01,3.307779011575421919e+03
1.224884986105594464e+02,1.030491175039896096e-01,3.432032103803859172e+03
1.486451701884766408e+02,1.110975621687888326e+00,7.131363382494347206e+03
7.652117848283721457e+01,1.214220239554736791e+00,5.622208239940727253e+03
1.364977601553821955e+02,1.325122944579289197e-01,3.885346756415329310e+03
3.042077211615803023e+01,5.938972452370987892e-02,9.591866771733278938e+02
5.244201595603462351e+01,1.014276468656078345e+00,4.384119408282141194e+03
4.721390066869187052e+01,9.814260899917434666e-02,1.496203152609509289e+03
1.345533558503520055e+02,6.681850385430627981e-02,3.634619530918937016e+03
8.084821482277055793e+01,5.071529318110445939e-02,2.196543132494817200e+03
3.379143688265429546e+01,6.570075742504492833e-02,1.058765686939353600e+03
1.115899662759777158e+02,4.426596096844792605e-01,4.176270503577244199e+03
1.257153585130198223e+02,5.765607034033268935e-02,3.375774062122421128e+03
7.911800726769405401e+01,8.796362702695588454e-02,2.274616968646445912e+03
8.584943891273520933e+01,5.063199390611371198e-02,2.335587618082906374e+03
6.963512016941783145e+01,1.674995820905254840e-01,2.272076639199036435e+03
5.092131386394130743e+01,8.639205227578018731e-02,1.569611647469550007e+03
8.407692168928150522e+01,1.238932907835134517e-01,2.523709729976991184e+03
7.799667989704802551e+01,1.043455754028847215e-01,2.311631653673429355e+03
1.320230792344942188e+02,5.038558331172153515e-02,3.512077261050585548e+03
7.321213397413920632e+01,6.053356679307706628e-02,2.051576666753605878e+03
1.113192264277307117e+02,8.113201553486665274e-01,5.274537595012960082e+03
3.727002584914684746e+01,2.540404788951766135e-01,1.720724693517876176e+03
1.089752001798555341e+02,1.250087905146289591e-01,3.158945462533324644e+03
7.559916319637247284e+01,1.104531574773876396e-01,2.258170176785545664e+03
6.890042371160599544e+01,1.052315868351894751e-01,2.075407912263246544e+03
1.239975316788553954e+02,5.760275444691032032e-02,3.334503576560591227e+03
6.647476979817159304e+01,3.750809950216288380e-01,2.831697379942810585e+03
1.317851900634636877e+02,7.997591518636255892e-02,3.581039196291343160e+03
9.765770001792645871e+01,1.255349884713540531e-01,2.874999490808475912e+03
4.408775200825218832e+01,1.144392371651615781e-01,1.473001569016451640e+03
1.120753940469587064e+02,2.690466176538231502e-01,3.672399409881925749e+03
5.610548437666825095e+01,8.762433851841594512e-02,1.685086996146630099e+03
1.490043092360312471e+02,1.534213666000857068e-01,4.248670063801420838e+03
3.926769650860043726e+01,3.491950921556750131e-01,2.063624153933695197e+03
1.186114748532219920e+02,1.208642697235023378e-01,3.375632008792667420e+03
5.510218573026907762e+01,6.702369889587020402e-02,1.590653642247636299e+03
1.432708961204251068e+02,9.277052843626963641e-02,3.934841719455482234e+03
7.643594072108336945e+01,5.230239497184670933e-02,2.099184192625983997e+03
1.337607208506630627e+02,1.187488301297179027e-01,3.764251883271208044e+03
1.453515159184977392e+02,1.149673622207113971e-01,4.054959664262555634e+03
1.126272455515907609e+02,5.333901456646199524e-01,4.477520254516062778e+03
3.452374869093194576e+01,5.515026360527510579e-02,1.036754475984703049e+03
4.082505126317678190e+01,5.141685708315279352e-02,1.200777213026897471e+03
3.229488614353807918e+01,7.577438870179889485e-02,1.062697723331591305e+03
8.389860491798879139e+01,1.799269495280316766e-01,2.679220754543749990e+03
1.435471931369434913e+02,7.007766780614646529e-02,3.888289116656263104e+03
9.877326580942491319e+01,9.035177384497915243e-02,2.774263727573829328e+03
9.516000807456383370e+01,1.171245945177633585e-01,2.778711318990973723e+03
1.232380463361753016e+02,6.496732667655205629e-02,3.320964646455011916e+03
6.615421464348139580e+01,6.184075816930522523e-02,1.870139022600840235e+03
1.028919313389731087e+02,5.473482467676062807e-02,2.783951640111200049e+03
1.472059320768876773e+02,9.278991598739547153e-02,4.020487060014247163e+03
9.852640028919854842e+01,6.177228263610906600e-02,2.706686718741895220e+03
9.696654872750686138e+01,4.257902565025464270e-01,3.755215463138434643e+03
7.178772178895944478e+01,2.656902684116266844e-01,2.629747174202957922e+03
1.460872523140520229e+02,9.249392348547039178e-02,4.014206058241970368e+03
6.227496692025296454e+01,1.774745624888042494e-01,2.116234489434566967e+03
8.276146472188817427e+01,6.282796062245850355e-02,2.310337884181151821e+03
7.780135793929234467e+01,2.061811368186655946e-01,2.607531669663655066e+03
5.871814492519181528e+01,5.936436246430161490e-02,1.681312893902019823e+03
1.187767268762235915e+02,1.020126184612985959e-01,3.317320681779772713e+03
1.308658175850158045e+02,1.332201751472880669e-01,3.726087886145763605e+03
4.471132675646688170e+01,5.129275692733181041e-02,1.292408210589022929e+03
9.902876585034502455e+01,7.687505543905139016e-02,2.760536149677464437e+03
5.301567070963884021e+01,1.013407433616358017e-01,1.666978917323331643e+03
6.737266095403123245e+01,7.877157249650304505e-02,1.964184473533917071e+03
1.024179035541307599e+02,8.346490463980527075e-02,2.864843357146568906e+03
3.771009392114223857e+01,1.159225648156623212e-01,1.302222138750010572e+03
6.658579734806087913e+01,8.215898477128752431e-02,1.949338112568369070e+03
5.673822126263833354e+01,7.536866937013041168e-02,1.674599125176001053e+03
3.697507797248505312e+01,1.177701744648950860e-01,1.300568822102729200e+03
1.479980970702936816e+02,6.013088044356437734e-02,3.961823480482341438e+03
9.348267768947661693e+01,5.767846545942185987e-02,2.553244028825178248e+03
6.084532252558748411e+01,5.928315108465250644e-02,1.730257234904345978e+03
8.718954653762627061e+01,3.403740154452751798e-01,3.252333189732651135e+03
1.196197819966085092e+02,8.978044186538318427e-02,3.318682312458622619e+03
1.285941232991343668e+02,8.771706593962838583e-02,3.537451702635707989e+03
7.107599710564568340e+01,8.400905408913275640e-02,2.061538674354016621e+03
3.006890582773586473e+01,1.571956991248855129e-01,1.235565665599141084e+03
1.022222758994028311e+02,6.630956291810026493e-02,2.820529901414206051e+03
4.377484940720951556e+01,7.079114444850970189e-02,1.341411150680962919e+03
1.426134545878994686e+02,6.042970099076789836e-01,5.444053161882142376e+03
8.715093630565790761e+01,3.433070761680410699e-01,3.255478655439793783e+03
1.416768730348410941e+02,7.128567855659742603e-02,3.837510144754923658e+03
1.450326658213950282e+02,7.129904999900035789e-02,3.919237135319655408e+03
1.372161981085719731e+02,8.729571564988244936e-02,3.744778352030423775e+03
1.107406181657292734e+02,2.997078111648089349e-01,3.716924650925804599e+03
8.196651474438050400e+01,7.552021265660979754e-02,2.297510694338295252e+03
1.214206283070426053e+02,6.917999208175319714e-02,3.328465111482384600e+03
8.063899651787382084e+01,8.455463459250781022e-02,2.313165738237802998e+03
9.536030114315647666e+01,1.057290024784073579e-01,2.755095439273496140e+03
5.213818654402581387e+01,3.022682701588094156e-01,2.237905593901079556e+03
4.335052185858189944e+01,1.022047840145018371e-01,1.413501166267314375e+03
1.381693872262933382e+02,1.040854001202850654e+00,6.645870598481936213e+03
5.326115587294872000e+01,1.396826498431667507e-01,1.783751069268280844e+03
1.047650750566430844e+02,5.029177735615831396e-02,2.814771958730286315e+03
1.414441847119780391e+02,6.933760370873473522e-02,3.811576240906532803e+03
6.581406287719899240e+01,3.288370057753410292e-01,2.659349359394738713e+03
1.121158881421300606e+02,3.112821058148644293e-01,3.771996472003933377e+03
7.494702569119257873e+01,5.744569655792871599e-01,3.622028227977242750e+03
1.157170175704004862e+02,1.799487647311743543e-01,3.499684912128363521e+03
1.028371322130272603e+02,6.804753046853354026e-02,2.825474346206329756e+03
9.676616584001985188e+01,6.173317036808616265e-02,2.659823910846243962e+03
9.251871793840535929e+01,3.153526149176574811e-01,3.299940081522930541e+03
4.065465773548879724e+01,3.283716667822812463e-01,2.027916286707820291e+03
1.408972464738305916e+02,2.035273871262331113e-01,4.194988721053838162e+03
3.322845635580303281e+01,7.029293505229608496e-02,1.050942717426128638e+03
9.857594143637865614e+01,1.325906723373298790e-01,2.918864138031941820e+03
1.057056827491979618e+02,5.562315562218325682e-02,2.853785212327190493e+03
1.344885706507521945e+02,3.565316397802837933e-01,4.490121018444321635e+03
9.402724912721251371e+01,1.174023519181031511e-01,2.767454842977148473e+03
1.031322480766872758e+02,2.088625805498119381e-01,3.253238020246446467e+03
1.156452757393071096e+02,2.349330658313693865e-01,3.625905034310242627e+03
6.231091874727137991e+01,2.751363388442517044e-01,2.412213993989429582e+03
9.202177071768228700e+01,9.989708954006892849e-02,2.638071846431396352e+03
8.846146181064062830e+01,8.449370699550033670e-02,2.507820569590096966e+03
9.914743290828840827e+01,1.023703812196056911e-01,2.823533313512974473e+03
6.692993953922021433e+01,1.259581214814395334e-01,2.096487066511390822e+03
9.209216590423066862e+01,1.961516835003959125e-01,2.942401215904784294e+03
5.656591362616913443e+01,8.157764500540568009e-02,1.688837546971668871e+03
3.764948771072128864e+01,9.244489156166054711e-01,3.732115811641730943e+03
3.346046650050513449e+01,5.609504540923295618e-02,1.022390008026883038e+03
1.164621571183843827e+02,1.924745545263198965e-01,3.559626488856584274e+03
1.440517668269938838e+02,7.975690477809263546e-02,3.908738988021227669e+03
1.216571255760357815e+02,5.435384833578020825e-01,4.738161819974948230e+03
1.002998046149875222e+02,2.258606305932129021e-01,3.250610774481398494e+03
6.122964562384110110e+01,1.885075619022759663e-01,2.105602139981036544e+03
1.292655703452314810e+02,9.742245043129973969e-02,3.577159252155209288e+03
5.413827118247119330e+01,7.035950764458713536e-02,1.601744216872639299e+03
4.221129535648019981e+01,8.104484726819755069e-02,1.318878130328309226e+03
1.261027193828702764e+02,1.675174101881949373e-01,3.721737724880651967e+03
5.111296101366040290e+01,1.365135870044932864e-01,1.715364711470533166e+03
1.115530886455392476e+02,8.848078017234402015e-01,5.492667164603203673e+03
6.430994868260441422e+01,5.528169478061411013e-01,3.301644927714775804e+03
1.381219351869314664e+02,1.199440635196099419e-01,3.896133495763443989e+03
3.328619919136751548e+01,4.989512152985555726e-01,2.357235119271500935e+03
3.601603577114384791e+01,5.191532826091065089e-02,1.062550840912781950e+03
5.301234909541260265e+01,1.217882354718720778e-01,1.719885594820882261e+03
1.359606247428225174e+02,1.551287995631023819e-01,3.925137300512885304e+03
3.996623413747030895e+01,2.381715639666890372e-01,1.745974687001324355e+03
1.353853243163602542e+02,8.303072312612636008e-02,3.701996002805916760e+03
1.452029189716210453e+02,5.793208449802439430e-02,3.879656002409802113e+03
8.055132070127609722e+01,4.956343742576145850e-01,3.530971345715081497e+03
1.205611499661287525e+02,7.673570462354725175e-01,5.368106530950753950e+03
4.720616603171379921e+01,1.141658226745126681e-01,1.563305070744121622e+03
6.358398469667341146e+01,1.068317235357735956e-01,1.954942722900325180e+03
6.239356120141952999e+01,9.799119435968609015e-02,1.888226608792080697e+03
1.247756177083549716e+02,6.041209797526352065e-02,3.358130689446828001e+03
1.459951134006348639e+02,7.988374344274554173e-02,3.967166924308397938e+03
1.454148244954697589e+02,7.943586714384427705e-02,3.937775549964184847e+03
9.167785815532938898e+01,1.175262371163846298e-01,2.677234255142451730e+03
4.741873505872497674e+01,7.795517700523125759e-01,3.568558724174754389e+03
3.316684363532943536e+01,1.057145445241826770e-01,1.146475888997986885e+03
1.133243599964756783e+02,5.200422008342233532e-02,3.045508702928806088e+03
9.121894338699922855e+01,1.732154178823046009e-01,2.849619834615944455e+03
8.798916577785149684e+01,2.111446193617725342e-01,2.870413223401042615e+03
1.201082156442393796e+02,1.220919920902880790e-01,3.442392178173114189e+03
1.025812521932243300e+02,7.152491638359763371e-02,2.816253318198439047e+03
1.143837795966253310e+02,1.837590515878511077e+00,8.437611352558926228e+03
1.417731517626806976e+02,5.836785941888443519e-02,3.790733528390047923e+03
6.798793473036042201e+01,5.251045290026580548e-02,1.898500847683166739e+03
1.159512970741829463e+02,1.716044721553122432e-01,3.460165634592206970e+03
3.045898516866642325e+01,5.082741807623719632e-02,9.207299793400572980e+02
4.318432240259335231e+01,5.819698368480587247e-02,1.287710320063123163e+03
1.412008658181789258e+02,1.328153191321449211e-01,3.998340746762354684e+03
1.001484192395713677e+02,6.050011708631380936e-01,4.377137997164205444e+03
6.194320490634508758e+01,1.963093358046757719e-01,2.177749780928196287e+03
3.891017582724142443e+01,6.818423938790009464e-02,1.191084448288626390e+03
5.092126980817766224e+01,5.645647742884237624e-02,1.481819071786696895e+03
8.380319905970151240e+01,6.520550901131912103e-02,2.308916915550392787e+03
1.171123254860034564e+02,5.946783320469102574e-02,3.156563463351218616e+03
1.030995889383160318e+02,7.766617016120699879e-02,2.854064658096374842e+03
1.476993364316741122e+02,4.429361430502790076e-01,5.090746114880491405e+03
1.067636966130420433e+02,5.165636062038733711e-02,2.885581127926853242e+03
4.166403895494647713e+01,1.016642610397206492e-01,1.356259590555561772e+03
6.053504668960879087e+01,9.306179128404233891e-01,4.326575699618832004e+03
5.624118509370276797e+01,1.008534495520654745e-01,1.755685296681281443e+03
1.492023570405443138e+02,2.350223294180077693e-01,4.519207559669158400e+03
1.038535737714531990e+02,6.787923286527092204e-01,4.674013669997207217e+03
5.436590072351295078e+01,1.015124443748527533e-01,1.685667826195470752e+03
1.230080998081303960e+02,8.522965304284470245e-02,3.399885147147818770e+03
1.039830195909937203e+02,1.399015229297970453e-01,3.077320811023320402e+03
7.288325024651058470e+01,5.688440589546913534e-02,2.041534853984234360e+03
1.250838791216681329e+02,2.138861026733171189e-01,3.821324889899493883e+03
1.481629423341057077e+02,6.591433203781495165e-02,3.973823078167912627e+03
1.378770761809294925e+02,1.746274339233451767e-01,4.050142611400256555e+03
1.210726308798938646e+02,6.412293555229477138e-02,3.286209314790899043e+03
4.603749630960673045e+01,1.243541909776152143e-01,1.556461148049027315e+03
1.013265531917301416e+02,6.046353111580757972e-02,2.767861748400557644e+03
9.165898404262520671e+01,6.516238495789444807e-02,2.527603151697266640e+03
9.954940198866104595e+01,1.919480506581184853e-01,3.115245669830983843e+03
4.765287132801953618e+01,6.000988463039004517e-02,1.406585001174577883e+03
3.487055317371047636e+01,1.334044514940387338e-01,1.294706389839988560e+03
1.064485709546966774e+02,1.654791143564442180e-01,3.217531196790948798e+03
3.512728295258403222e+01,1.275098867402519598e-01,1.288581809390002491e+03
5.568298298322775963e+01,1.576264139979594303e-01,1.886690601973769390e+03
1.136558428425696263e+02,1.471119912866573065e-01,3.353681638553680841e+03
5.969626507203871313e+01,1.273473071998130479e-01,1.918332418811760135e+03
4.798252423100900899e+01,5.800070145183142678e-01,2.960371017154266610e+03
7.398036374698074269e+01,5.483323840817274503e-02,2.065006299286365902e+03
1.063593204074159644e+02,8.589180667274980141e-02,2.984307533918766694e+03
7.405209010285437898e+01,9.363436139583306006e-02,2.185472039141685855e+03
6.306579857806614342e+01,2.265231452904467313e-01,2.303379743437322304e+03
4.758861491427502699e+01,6.636223167648995502e-02,1.425658911572230409e+03
6.274974982261942102e+01,8.341944754787905536e-02,1.862375451668999858e+03
1.305539583319627752e+02,1.135825473017703507e-01,3.670085742181786372e+03
8.814771367560368276e+01,1.502106840811418542e-01,2.704673484414531231e+03
5.435049007386423625e+01,1.977351043646095041e-01,1.991872179785312483e+03
5.409706963193862350e+01,3.598876741913132338e-01,2.458899229287321305e+03
4.424059654547787090e+01,1.015911994250820599e-01,1.424169696406814637e+03
3.545128457425657587e+01,1.802829717501081896e+00,6.322773648239569411e+03
1.279927579146637555e+02,8.006097988694191314e-02,3.492240460460463055e+03
9.132625260918021581e+01,1.229018604001371751e+00,6.007521196072013481e+03
5.728068434645619078e+01,1.196440050330924570e-01,1.838974244403610783e+03
3.452653989433009230e+01,1.894504727884736839e-01,1.453371087653806399e+03
1.069264255475340661e+02,6.537291688922793054e-02,2.924504759431185448e+03
1.303654367299359080e+02,1.162312595786468561e-01,3.671500531484307885e+03
1.459539667946947077e+02,1.648623098465407666e-01,4.228559763239552922e+03
9.627012447231246028e+01,1.628664006795597918e-01,2.949120161547411954e+03
1.234464659306799632e+02,8.408271384397704440e-02,3.376981885891877937e+03
1.461437508454656040e+02,2.762122803410508309e-01,4.557653335315106233e+03
8.560545367768578728e+01,5.733878280331151239e-02,2.375909026785196602e+03
1.222746455884417145e+02,8.151303367523872467e-02,3.373597209966637365e+03
8.084493774738277239e+01,2.339700352711476250e-01,2.758454520726334977e+03
7.649678210160365666e+01,6.639425013524129227e-02,2.128095544958105165e+03
4.221307349485030613e+01,6.084913802623603124e-02,1.261329474217681991e+03
8.323898347553922861e+01,6.983665587154745669e-02,2.344444736128541081e+03
8.948215835736444035e+01,9.728770855279713636e-01,5.213729597805438971e+03
1.345103307399780874e+02,1.388914212401219372e-01,3.855466377665461096e+03
5.155459163271244449e+01,6.032211681392832259e-02,1.495519293837405939e+03
1.489925764917912545e+02,2.501528528252688344e-01,4.553591632672274500e+03
1.470637380080533489e+02,6.136742565407855149e-02,3.945804582027752531e+03
9.515805750294549625e+01,3.493705724106688226e-01,3.480695663252442046e+03
6.507725596622591979e+01,3.693605865276062272e-01,2.763843457458179728e+03
9.148592197647857915e+01,5.857749216413356275e-02,2.513336228076599582e+03
8.009074444161542772e+01,6.347799519720735695e-02,2.215484027736031749e+03
1.250054240213110859e+02,9.752477622005631397e-02,3.474556953397828693e+03
5.909260076674235052e+01,1.861904010347142924e-01,2.067912305514733816e+03
7.026699852794394019e+01,7.769291721516789762e-02,2.005637779338564087e+03
1.260889577829451866e+02,5.440067514276095834e-02,3.394975661624857366e+03
1.295249588145892119e+02,7.961038614765730825e-02,3.539211103908525729e+03
9.069741274594998970e+01,5.866444107363027322e-02,2.479871362818520083e+03
1.322679120071813372e+02,1.366374332896874433e-01,3.788567018511464994e+03
3.456193349410718696e+01,7.047140826733111485e-02,1.100000292878864684e+03
1.474932254103314904e+02,1.378834613611097382e-01,4.176754503805939748e+03
5.498464599089169269e+01,5.207960933986406638e-02,1.565654917587068439e+03
1.118363241175370746e+02,6.547328007451250209e-02,3.056290722945374000e+03
3.202356747533927717e+01,7.421065985422775624e-02,1.044505182465304642e+03
7.657730570473344756e+01,7.490301718228603578e-02,2.167340598284239150e+03
1.090679222466552716e+02,8.392785327136506601e-02,3.035192865372355755e+03
4.096722543400804284e+01,1.390413463836486507e-01,1.456000404766218935e+03
7.149948807370611803e+01,6.720121632418607494e-02,2.040401893027998995e+03
9.896745486961555116e+01,2.555996680615496564e-01,3.271342814219443881e+03
8.556455973451321029e+01,1.357027208098875726e-01,2.594037737516519883e+03
1.138244588458849904e+02,1.233191731263153096e-01,3.289337146019878219e+03
6.533273031170915601e+01,7.553050658058228783e-02,1.893640167418649071e+03
3.253267752501609067e+01,1.282556850298945117e-01,1.207640034006127053e+03
9.195264007477800305e+01,1.912169851398949905e-01,2.922074353776798489e+03
4.750973912035316005e+01,6.735048563718593062e-02,1.418995536388918254e+03
1.449026869943580778e+02,1.200620625581308720e-01,4.060232606482776191e+03
3.160762673000545675e+01,1.107545936815880760e-01,1.133734698872317949e+03
8.352223471005908095e+01,1.105211546880389972e-01,2.472884281119826028e+03
9.175223955016670629e+01,7.940303195584773321e-02,2.581342541008835269e+03
1.376577092374697315e+02,7.971530396908378668e-02,3.749157069898749342e+03
1.395196310793283487e+02,1.465950690273627732e-01,4.011845253675231561e+03
9.439910091608295772e+01,5.403369349413234685e-02,2.587134924324036547e+03
1.241936574965154279e+02,4.329819098171731606e-01,4.466192785217514029e+03
4.518542497350763654e+01,1.539592966654875494e-01,1.630779773532801073e+03
1.483675890356859668e+02,5.473850265244653568e-02,3.931279740589092853e+03
1.493074078630845065e+02,9.743062850173199452e-02,4.113852243844741679e+03
1.119189264667814854e+02,5.112891615613556623e-02,3.011323866467419521e+03
9.224670041745429216e+01,6.688463897592197838e-02,2.561500371925011223e+03
9.187558026064485261e+01,6.273659492207067645e-02,2.521947287939908620e+03
1.166911536363419657e+02,7.072524259739405850e-02,3.179214548976337483e+03
5.142527440003928518e+01,6.435751973905663725e-02,1.501493364439014385e+03
1.055561553322171306e+02,3.707204073282481249e-01,3.799665329325463063e+03
1.027616665758058332e+02,1.302814330699649525e-01,3.022242072112163441e+03
3.419949591358523122e+01,1.437385809836937700e-01,1.311660287473336894e+03
7.562017959927936772e+01,9.053944504623902267e-02,2.220138883137155517e+03
7.618721196109893867e+01,8.770578855540313301e-02,2.215963588626149431e+03
5.381831439969934650e+01,6.539989153035304925e-01,3.336696940932772577e+03
6.488160379810490497e+01,5.077341189687134548e-02,1.809114906318963904e+03
1.476391876259045830e+02,6.409801793212369092e-02,3.960288608669202404e+03
3.701167279366178775e+01,6.327895232871016962e-02,1.151648809604366988e+03
1.209475984713595551e+02,1.592110478439940358e-01,3.564981670951034175e+03
7.385316886515099100e+01,1.613816063197335837e-01,2.380539355709378924e+03
6.233523184019429664e+01,3.606589773912559083e-01,2.663043102114208523e+03
3.183109937597610539e+01,6.207062060421181943e-02,1.004565888829387404e+03
6.747608290225707606e+01,1.224751230275946678e-01,2.072472697028521452e+03
3.999556953771345746e+01,8.909612697317284558e-02,1.282076347219866648e+03
1.282969073420842676e+02,7.234182699167904240e-02,3.477848337506675307e+03
6.721884533573484077e+01,5.795799545206048453e-02,1.896202610311672970e+03
9.073374114148853664e+01,5.743748993232351135e-02,2.475091356944776180e+03
6.905933914302761423e+01,5.431660654968513136e-01,3.394167015693595204e+03
8.016869107384428617e+01,2.816292947742908281e-01,2.897058607682340607e+03
6.408063781777835288e+01,5.516872220707506880e-02,1.786490932563059914e+03
1.494780742535113518e+02,2.246104865189879618e-01,4.480437031038807618e+03
6.481503338073579812e+01,1.433040902472259015e-01,2.082988936424919757e+03
1.164593496731863240e+02,1.302546811842155428e-01,3.352903599600195776e+03
8.934717340383548390e+01,6.338177492110305677e-02,2.478171143930442213e+03
8.577024858136431362e+01,8.595167946393840464e-02,2.449457331276293644e+03
5.587473462489099063e+01,3.044066711198893382e-01,2.355794185365555677e+03
4.429297259602923020e+01,1.567470577349712180e-01,1.611557117529306424e+03
1.007110762555946195e+02,4.546869174065457098e-01,3.931229936143424311e+03
1.491347464550788686e+02,1.922856445061935371e-01,4.380738773038007821e+03
4.795706906899441435e+01,1.777833783046138261e-01,1.752267624932621175e+03
7.297554475990499157e+01,1.196526495391498635e-01,2.205585194600337218e+03
1.013678672318369109e+02,8.150739563545490729e-02,2.819168957260428215e+03
6.405939468266703329e+01,6.662512436100544166e-02,1.842455514462375504e+03
1.393954238038204494e+02,6.601816997087818495e-02,3.753593547992347794e+03
9.206644049124716389e+01,6.072097539685892414e-02,2.528463855207120559e+03
4.461482571636905448e+01,6.927346662893678342e-02,1.335767232398699434e+03
4.427313822386368258e+01,7.440044381502500248e-02,1.356438556530057440e+03
1.156258999270666408e+02,6.577086104421809853e-01,4.921971299817553700e+03
8.538732773438366053e+01,8.838526350533333631e-02,2.433294781401590171e+03
1.204427372499599187e+02,9.360264111092010675e-02,3.351383173657370662e+03
8.474809334089923141e+01,1.335820464549250519e-01,2.585700960279636092e+03
1.312443014295158434e+02,1.180990699362312601e-01,3.689453407105748283e+03
7.714227756297159999e+01,1.546929658689315257e-01,2.442135543137042532e+03
7.250399343758888904e+01,1.235862110225133037e+00,5.539581773376939964e+03
9.530987925101496216e+01,6.684425320932740888e-02,2.655704986418845237e+03
1.219541136359901543e+02,8.287240116760158370e-02,3.342355817564392510e+03
8.603270093773721783e+01,1.195910794057103016e-01,2.553125823611633223e+03
7.465914412554117519e+01,5.643921197763548947e-02,2.069754491333829264e+03
9.092408398034920936e+01,5.473906911338068115e-02,2.480873092861994792e+03
7.548180239918900725e+01,5.276786456916972984e-02,2.076218473474890288e+03
9.948638372246878703e+01,6.837896828770359536e-02,2.739576253410393747e+03
4.943385352663192123e+01,1.683844217419417089e-01,1.786321325547754668e+03
9.245720314704013276e+01,5.133107323578878223e-01,3.899728098652339213e+03
7.070287808180825095e+01,1.618319670651778008e-01,2.285273968926981979e+03
5.180979251748151171e+01,9.686213033005382222e-02,1.592912669853398256e+03
1.468180349866961478e+02,5.218964510354045377e-02,3.893550436648421510e+03
1.175314497627070693e+02,1.175686350700469174e-01,3.345400846459567674e+03
1.464787890258842253e+02,1.858231544804292146e-01,4.298552573438416402e+03
1.342554527132627697e+02,5.293388959230330842e-02,3.569978880235006272e+03
1.087354925441294711e+02,3.021197551894633238e-01,3.669252614955256377e+03
3.508647110021477289e+01,5.415098679397552933e-02,1.072320156077756337e+03
1.380536321193878564e+02,1.306885341504255837e+00,7.438397526945875143e+03
1.085661877778949815e+02,2.521281598069517460e-01,3.514717198063936394e+03
6.042240395642803463e+01,1.858776752485968853e-01,2.107516283288609429e+03
8.241944645439659212e+01,1.164334004541679735e-01,2.450276709860405845e+03
7.938284530169303821e+01,5.032279177409845067e-02,2.172252169960992433e+03
1.490773642247390001e+02,5.719764474804951704e-02,3.981746953542161464e+03
1.488793601574018624e+02,2.063321179880856782e-01,4.430374549600038335e+03
1.210479496620024378e+02,5.817878731622811578e-02,3.256796727176519653e+03
1.395988653071057115e+02,2.664917273774456419e-01,4.363128201638984137e+03
5.544331046901981352e+01,6.445134976474663213e-02,1.608073396225218630e+03
4.192088808043629911e+01,1.216881621353519849e+00,4.722293548212130190e+03
4.374013943818027883e+01,5.193793489450517636e-02,1.288269769428351992e+03
1.326018562578978504e+02,1.274204782509201495e-01,3.764558964968789496e+03
1.039883829985626562e+02,7.814487423319327331e-02,2.877715391627159988e+03
1.445204195896673411e+02,1.796733861448917557e-01,4.226529233331483738e+03
4.360911707194107123e+01,1.048271965549530255e-01,1.423165583846539448e+03
6.846853651013384479e+01,6.498153838212011868e-02,1.933760936407726831e+03
1.019477572878432312e+02,1.296052087459656776e-01,2.983263441310278267e+03
1.497616639850227216e+02,7.602256502184184805e-02,4.043504956657646289e+03
3.766580862128141405e+01,6.039202291834188524e-02,1.132618251051454536e+03
4.850626884407665784e+01,5.960594800035549090e-01,3.021668676632047209e+03
3.393423374616693877e+01,9.299140258307881934e-01,3.646126563894330957e+03
9.932863314740005478e+01,5.511220363045215426e-02,2.717137312432217641e+03
1.260318933283902254e+02,7.043292107675236391e-02,3.429227302190095998e+03
3.717674340861738358e+01,1.117080280444320700e-01,1.284167851840481262e+03
1.320700143843464787e+02,1.218638376662280615e-01,3.730554750707951825e+03
4.714674722543300334e+01,2.729452839049823498e-01,2.026964946040813857e+03
1.245186039811372183e+02,2.023506042244510583e-01,3.774417463580544791e+03
7.925755654896859426e+01,8.183383788853124119e-02,2.279945900452510159e+03
3.183884762997737994e+01,8.251261493686964932e-02,1.052375597384513412e+03
6.431624500131772493e+01,1.153022440486378419e-01,1.984053562452123970e+03
1.288227776135215095e+02,7.442052283522883060e-01,5.518970732725901144e+03
8.303509809903917471e+01,7.791033873653443464e-01,4.455959244702497926e+03
5.863623078016110668e+01,1.000752578899183343e+00,4.487230120825211998e+03
9.554441266348160866e+01,5.186859277167300136e-02,2.605635871962384499e+03
1.002089121537207461e+02,5.468503720580280003e-01,4.187426864301987735e+03
5.585583074359718125e+01,7.419965517733924376e-02,1.640890494800597935e+03
5.648062146235731973e+01,1.069888944894220317e-01,1.758162225912764370e+03
1.246295264486863346e+02,7.049257790902248300e-02,3.384785522899349871e+03
3.046187418564839788e+01,5.778241346109216220e-02,9.449798786459878102e+02
1.296166476821089759e+02,1.133923277784549405e-01,3.635095650956525787e+03
1.452634376576382920e+02,9.834952283975020859e-02,4.000442408502514809e+03
4.174296426324031017e+01,9.760729687038229851e-01,4.003901598881476275e+03
4.043327679101716399e+01,7.568999899877443260e-02,1.240146561556088272e+03
6.613390521486994089e+01,5.015366490966031293e-02,1.838525554533977356e+03
6.453180833624676893e+01,2.245672588827933580e-01,2.336649889911380797e+03
9.411968843332255119e+01,3.056487835395743646e-01,3.316620841619359908e+03
1.107280487717875275e+02,6.823625512806114068e-02,2.997347475425207449e+03
1.058840448331043262e+02,1.057605599594269030e-01,3.007730783401420467e+03
4.466424402308365416e+01,2.245752889199593705e-01,1.807029809749825972e+03
9.477100676981574168e+01,5.664810592763797753e-02,2.572790977453189953e+03
1.220239564997752950e+02,6.234024207779627347e-02,3.303389244549447085e+03
4.193324590444710509e+01,5.020901894263316706e-02,1.227465902863503516e+03
5.530775225585658461e+01,2.800303919810891995e-01,2.248284977024345608e+03
1.234329416764930301e+02,1.130794100911626243e-01,3.482537766796020605e+03
7.489112976897624208e+01,5.072095945197713923e-02,2.082742728226748113e+03
4.667928293428609265e+01,2.185262143842615912e-01,1.848480855048208923e+03
3.004170315755807508e+01,5.802294491924962772e-02,9.487795315405793417e+02
1.203608859086245104e+02,6.880020820565933837e-02,3.288390040313804093e+03
7.910561744998017275e+01,5.195029382499191106e-01,3.592029489012536487e+03
6.736701107203724348e+01,7.198473211922007398e-02,1.932192440463315961e+03
1.490578180615072199e+02,6.182572533614048849e-02,3.981244498553689482e+03
4.302860752850312309e+01,9.588913472517801573e-02,1.378440416550495229e+03
5.873199464710080520e+01,5.256077180459655523e-02,1.650831811920143082e+03
8.825328078261098597e+01,7.855100259159425446e-02,2.469911682968946479e+03
3.382428066611399231e+01,5.643529056052790788e-02,1.030415370108554953e+03
7.978506994912754635e+01,5.064375242118259596e-02,2.198490019978482906e+03
3.834971935183810388e+01,1.902421202177048687e-01,1.532026247075260471e+03
1.486383819149669421e+02,6.124217744873405173e-02,3.974651319871461965e+03
1.425333228146709246e+02,1.005767067329753767e-01,3.925106981802272458e+03
1.027778900248753473e+02,1.146331261720247990e-01,2.972899045835892593e+03
6.283643083173052446e+01,1.584666150145559449e-01,2.085638965675704185e+03
4.500593821194832600e+01,1.299168771370265707e-01,1.523572257095122268e+03
8.423730277534403399e+01,6.200916916354355657e-02,2.335380761177225395e+03
1.046154354708820904e+02,8.688353839408881341e-02,2.924306347948629082e+03
1.441999659894710248e+02,3.576754272177972149e-01,4.742119092048938001e+03
1.339671700221718424e+02,5.145969624464354075e-02,3.578880737857155964e+03
4.923698794720124283e+01,1.722834619055677030e-01,1.785570915290775929e+03
3.368928066101585728e+01,9.062570825567710375e-02,1.143049895871594572e+03
5.756640395857641579e+01,2.014130494299389007e-01,2.083413571309034523e+03
3.297765272561444760e+01,5.639202397754258800e-02,1.000629246625139103e+03
4.629618504419158853e+01,6.739502152540337299e-02,1.381096101268932216e+03
1.171322951076302843e+02,5.617107141522529462e-02,3.143243156178387835e+03
1.272801798265574433e+02,1.761870956368982166e-01,3.760596468420366818e+03
7.212180434616631430e+01,1.032678320465891392e-01,2.173197332040620495e+03
5.251021808081411280e+01,1.289178972437475812e-01,1.733683332614713208e+03
7.755066207832730640e+01,5.097722848569869597e-02,2.128466719960346836e+03
9.845705751085978363e+01,2.369966366919779854e-01,3.209701284825144285e+03
7.598273046814918530e+01,5.740887172236461278e-02,2.106438834761135240e+03
1.016014085976757855e+02,1.167506090997117107e+00,6.110072178575018370e+03
1.193397815180252195e+02,5.506927487548964745e-02,3.215725552134979807e+03
6.821162920022044318e+01,1.936756748534816663e-01,2.321326709147992460e+03
1.233226608893365182e+02,5.029245083220058865e-02,3.295094502986140014e+03
8.965214448739882869e+01,5.184635419590005734e-02,2.446354019636612065e+03
6.733645279384393234e+01,8.538505842651783473e-02,1.986397832523433635e+03
9.479355151504756805e+01,1.267765938126045044e-01,2.801467908762808293e+03
7.499734073954860492e+01,5.501805129211544132e-02,2.096184656517234089e+03
1.456907520951155846e+02,1.585543403088140124e+00,8.476628237228749640e+03
4.505846580301891180e+01,6.015134087299034427e-02,1.329767741853655480e+03
8.829585517288012397e+01,5.025215080363346631e-01,3.752906340212449777e+03
1.250213202750321813e+02,8.144935343755110857e-02,3.426025286445420079e+03
8.398039513546639512e+01,8.121303581743717637e-02,2.393102199462899534e+03
3.188526028046115712e+01,7.889730040033253455e-02,1.061256430427793475e+03
1.382158767776153923e+02,1.109497594408478116e-01,3.849797778198297237e+03
1.023122923232429144e+02,1.048233671698066000e-01,2.905119289771714648e+03
4.397251832124639748e+01,2.145858994973360301e-01,1.754250352534760168e+03
1.435305685164092324e+02,2.160539973873205621e-01,4.292900020506280271e+03
1.239267555957932814e+02,4.678364794706015295e-01,4.556260171763367907e+03
1.224332882293097526e+02,3.108131619920222466e-01,4.050409462600188363e+03
4.263102878207936186e+01,6.218484135986469125e-02,1.249163074192231534e+03
6.835423846178997564e+01,5.097323656112767720e-02,1.893055014559010033e+03
5.106891459873931183e+01,1.012793782917183194e-01,1.595311440010838623e+03
1.337332085040782772e+02,2.213790150041514970e-01,4.055770886781725494e+03
6.620682129718096576e+01,7.957040077607087369e-02,1.911406126014669326e+03
1.210929816816019411e+02,6.253116051139008535e-02,3.260794692481068523e+03
3.425003209054981568e+01,7.007955641010314707e-02,1.087452477329499516e+03
1.270860239299986603e+02,3.449179863507156885e-01,4.275418513645380699e+03
8.148620488965302400e+01,6.188583066992867782e-02,2.273060987531343017e+03
1.367016592725365740e+02,7.107229044943572660e-01,5.607332168696375447e+03
5.096763376843058779e+01,5.664276308986111036e-02,1.469504429261193764e+03
4.930370783794599276e+01,1.930579856218138657e-01,1.840918900531743475e+03
1.054253984344831139e+02,7.000910432670025274e-02,2.900477027925559014e+03
1.429126531270771352e+02,9.248100857242290695e-01,6.418995322126136671e+03
1.368781929733127924e+02,6.455029335982825911e-02,3.688167733546534237e+03
1.394441093432799050e+02,1.069309096580894486e-01,3.889698564965440255e+03
1.126289456623797065e+02,5.595914454100196778e-02,3.050901048255212118e+03
1.072762934248330708e+02,6.162319766500772011e-02,2.916867627427678144e+03
1.085575079522645581e+02,1.309803513689254406e-01,3.154457681867723750e+03
9.459248552008834565e+01,1.153522161975391480e+00,5.866014986588729698e+03
6.708614388156857444e+01,5.673801811786318566e-02,1.877443776260614641e+03
6.260133796781074977e+01,1.353882518266589785e-01,1.992968199850464998e+03
4.047642401972505866e+01,1.229851420005626667e-01,1.393170509905386098e+03
1.461757373459417124e+02,5.319951957682316629e-02,3.883417636429804134e+03
1.401010415014480941e+02,6.450217906822387492e-01,5.508976267353603362e+03
8.345135923828087243e+01,5.687823838123605424e-02,2.268514412909918974e+03
9.936026634738126972e+01,6.673037162487781282e-02,2.740510574023411664e+03
7.420752550531722136e+01,6.656728237466967568e-02,2.095490564585227730e+03
1.198762158195932557e+02,8.101797058052036260e-02,3.301776271388409441e+03
7.584167099446739257e+01,9.091948493009026355e-02,2.203557812246779577e+03
7.071482249254214025e+01,7.109689555197690192e-02,2.022338544755526982e+03
1.215032690433663163e+02,1.141942662801513908e-01,3.437266240508576630e+03
1.380282922887443533e+02,5.366475463992328304e-02,3.675821525897070842e+03
1.045609064452673351e+02,6.206744013457188985e-02,2.849389926390167602e+03
1.042094343585246179e+02,5.642978613266618620e-02,2.834307818869960556e+03
9.292563738938778783e+01,7.632396115171741213e-02,2.604918131903306403e+03
9.217827015686555114e+01,7.385144012834210514e-02,2.561029245436298424e+03
1.006663493824084981e+02,5.293173001780033388e-02,2.732356856701725974e+03
1.144609301772516119e+02,5.795882632534812839e-02,3.101385710122547152e+03
1.417661228732179381e+02,4.158007422827139643e-01,4.843308294334467973e+03
5.883156199002741005e+01,5.467357135852772831e-01,3.140555577866562544e+03
9.656801099074203876e+01,3.330873623856351884e-01,3.450834494226503921e+03
6.540043995173488156e+01,5.103121288850490794e-02,1.829737249082631251e+03
8.589552859423113773e+01,8.871617660407932204e-02,2.456976079993118674e+03
1.360362097628596416e+02,7.185401107144662181e-02,3.670548426704972371e+03
1.037250862004108853e+02,5.008374504870694022e-02,2.787560140852666791e+03
1.276373676399719415e+02,8.446146932560862075e-02,3.517963250354524007e+03
1.426589872374690344e+02,5.651764526147106532e-02,3.805561497534348746e+03
1.207594229874914475e+02,2.044641174839391118e-01,3.708366140370950234e+03
1.076559305283521155e+02,1.243812693783036966e-01,3.128557663542783303e+03
1.455114169859799915e+02,7.427749879289154145e-02,3.921994582492908194e+03
4.620991742240587996e+01,6.642143237749437157e-02,1.363817765572204280e+03
1.168601016012226665e+02,1.000226719779324230e-01,3.292000308393615342e+03
4.552450471327538395e+01,1.624427242317616205e-01,1.654138344688850111e+03
1.484999982896754602e+02,1.427572481102021285e-01,4.222433286089756621e+03
8.396403404665275616e+01,7.919402774824094160e-02,2.389065169393595170e+03
1.247000053437945866e+02,1.033502613540887433e-01,3.493298369813389399e+03
5.476749146497845544e+01,1.560928185668365165e-01,1.861873061514864048e+03
1.358318020508015707e+02,5.200905899774644486e-02,3.622374325205285459e+03
1.458829029813018963e+02,5.693713613961762787e-01,5.430263518109653887e+03
9.949778204413958349e+01,6.695029733808248729e-01,4.548751710907445158e+03
6.565128927244688839e+01,1.079653787649985236e-01,1.993962036497757481e+03
1.042996727011257718e+02,1.049389514828122372e-01,2.971511672168624955e+03
4.494773477258860339e+01,1.014671963594113296e-01,1.453309442870564908e+03
1.279054161105705560e+02,5.068581037664555283e-02,3.424977949705742958e+03
5.452070555747191349e+01,5.184798302138151488e-02,1.553063058367775966e+03
1.306148289369181441e+02,6.330310886292994654e-02,3.519019495738955811e+03
6.407632943560741978e+01,5.657728658878472677e-02,1.799665618908041097e+03
6.265219320052936069e+01,6.384296180708654012e-02,1.791506282266391054e+03
5.782847374955998276e+01,5.343607118829433317e-02,1.614150693017031927e+03
1.308332702082365984e+02,5.196803580058933364e-02,3.474823342400150977e+03
7.216078171359475846e+01,7.230524324156487048e-02,2.050906550487571621e+03
9.086152152702263152e+01,7.152661166459379771e-01,4.469238104614349140e+03
9.222967743138595154e+01,6.520225220609901506e-02,2.551673802086044361e+03
1.439617097448915501e+02,9.658820353640376610e-02,3.967136682684597872e+03
1.053180436519369181e+02,5.109161595185154892e-02,2.835038667804403303e+03
1.340659476600390576e+02,3.966472691274462448e-01,4.623755772922562755e+03
1.041408604046881976e+02,8.955641145600272413e-02,2.923584550199079786e+03
1.129823961345427534e+02,3.100565500013446329e-01,3.804168191860977913e+03
1.481659320869129601e+02,9.182656388509086165e-02,4.045816648489290401e+03
3.431961031293973008e+01,1.723354245620470349e-01,1.406152785323146190e+03
7.925293541574892231e+01,1.402906310510047272e-01,2.428831443947520256e+03
9.375664360706475975e+01,1.242297268251040532e-01,2.772984622354832482e+03
3.576911282938956305e+01,7.619502046061910061e-02,1.142460152496841374e+03
1.372134349534478588e+02,7.159182501591834780e-02,3.716260373798844284e+03
7.657243257084431320e+01,1.008028959829475046e-01,2.240757094678513567e+03
4.127732618940383702e+01,1.870473945374363789e-01,1.604811929739209518e+03
1.376247463294191107e+02,3.561319032409948071e-01,4.567886150529752740e+03
3.238099708867316195e+01,1.203947407357760652e-01,1.185115058314195267e+03
7.697842291489374134e+01,1.415110574996420456e-01,2.395445936829640232e+03
5.413169461700302065e+01,6.216905886824025673e-02,1.566632097863249555e+03
1.324928681988426149e+02,5.524814932856789151e-02,3.554007631914797003e+03
9.245654603932580073e+01,1.389506092314872210e-01,2.781996064573392232e+03
6.465857220239806225e+01,7.698488478418842595e-02,1.887058559447661082e+03
8.105008841000999098e+01,6.300017041554993591e-02,2.251569939459499437e+03
8.364628332489328955e+01,1.429421342623783120e-01,2.561800932871718487e+03
7.504327809802326499e+01,2.945860455892911345e-01,2.805348938177903619e+03
6.259469871842615163e+01,1.739107326416964860e-01,2.116651776172844620e+03
8.985517009117897658e+01,5.838492665600969467e-02,2.470378693616469263e+03
9.412979990692861065e+01,1.138467421351130326e-01,2.744775248794731851e+03
1.413084687263590808e+02,9.874586892982900599e-02,3.902004922280893879e+03
1.435642773915486430e+02,1.498453073943180613e-01,4.112467321796520082e+03
8.228723477904210881e+01,1.300313279214794671e+00,5.992054350346626961e+03
1.411457394048327103e+02,1.122930996217978705e-01,3.950100390451019393e+03
4.483913246039443834e+01,3.688599761782614950e-01,2.241629793959094513e+03
1.351669362179125926e+02,1.032418731621304320e-01,3.757470798413131433e+03
1.370082819775619214e+02,1.789739526455020602e-01,4.045106316852391956e+03
4.061915069387957544e+01,6.461123089921633200e-02,1.240151771050739626e+03
1.025572455248756825e+02,7.652690518893365268e-02,2.826255331811827546e+03
1.320925550953885192e+02,8.377671620811424913e-02,3.622944258971747786e+03
7.054508698638815645e+01,5.157153634841862150e-02,1.960920686628372778e+03
1.480642182019478241e+02,1.374783137661456989e+00,7.895064499799770601e+03
9.633956252082546712e+01,4.806284358350502717e-01,3.929640904487812804e+03
1.001315034887125819e+02,5.495882836290390955e-02,2.729184749278735126e+03
1.057853985024460286e+02,5.765607941301172101e-02,2.876932369927593754e+03
1.210202769003161762e+02,6.351498445764489076e-02,3.274015660870014017e+03
1.075102552579090087e+02,8.953937567330617631e-01,5.407027657574008117e+03
1.460442937090662099e+02,5.010794282486848161e-02,3.873727841337722566e+03
8.267454782483989106e+01,5.331364169506979528e-02,2.274019102186053260e+03
1.046318429659545899e+02,5.617485593057771481e-02,2.838841196634127300e+03
3.243503334751414258e+01,6.971082411997869821e-02,1.035423577405547803e+03
9.870970163690505217e+01,1.016272260608892669e-01,2.819506545716329583e+03
8.880093339630703042e+01,1.994791422689471960e-01,2.854286916577742431e+03
3.335911288655929496e+01,5.270425969176804198e-02,1.029471686879189065e+03
9.775866486682423329e+01,9.514748993144113431e-02,2.784855843398210709e+03
6.293643983429939226e+01,5.264104800289869796e-02,1.748412465142080691e+03
8.481724746204588428e+01,3.335995448804426333e-01,3.141754489404709147e+03
3.853823846004286224e+01,1.139220646367362200e+00,4.402005390206022639e+03
8.819255386218411275e+01,5.404584667573381074e-02,2.435113244390839554e+03
7.866900695693129819e+01,1.723146926343465335e+00,7.179339627418557939e+03
4.324003341926155031e+01,1.743980888867836809e-01,1.629896052984337530e+03
4.585353698575089965e+01,4.329592464820281594e-01,2.457614819467304642e+03
9.723854981892955607e+01,6.794236913361559327e-02,2.681252841748989340e+03
1.318075995463559025e+02,1.240317959239026768e-01,3.737633501486599471e+03
6.272727550446008138e+01,7.773510165126537586e-02,1.829355556373989884e+03
8.655281389045953233e+01,1.994452647113643118e-01,2.798241177924254771e+03
1.083366423126947780e+02,1.026497359394414055e-01,3.058746174649899331e+03
1.497296662423706834e+02,1.690295628041105780e-01,4.345491447937549310e+03
1.187909686920412042e+02,5.207809620594698596e-02,3.188479301437844697e+03
6.141791255802608873e+01,6.693036861553458561e-02,1.773720161604430814e+03
8.015391447078060594e+01,5.729584955697117343e-02,2.218799532680981883e+03
9.527567945280121364e+01,1.197955897297778571e-01,2.794130444564137179e+03
1.084250366007176609e+02,9.910773821923722637e-02,3.045501625490910101e+03
1.000263348001282822e+02,6.631352073184818008e-02,2.739427575981083919e+03
6.503396671272869867e+01,7.529904180102924005e-02,1.892382148645883262e+03
9.341664753371388485e+01,1.462500299418778849e-01,2.834788793952022388e+03
5.449652035451275367e+01,1.313273465398778761e-01,1.794191535931278850e+03
1.047499662143207928e+02,3.880483130855725826e-01,3.843880568641221544e+03
1.035802173024212323e+02,9.892148067040586190e-02,2.951963855354507359e+03
8.710993812369670763e+01,1.609833620389500286e-01,2.675851627838036165e+03
4.024707260131155806e+01,3.353867459188316635e-01,2.037483961085553119e+03
8.042819835060203104e+01,1.018882544736263579e-01,2.346566834684884270e+03
5.013550099999152110e+01,7.564883267766850383e-02,1.504355490720525495e+03
1.186664525385950668e+02,1.123540664307302317e-01,3.362488990292003109e+03
3.159432391254130579e+01,2.853870071252116447e-01,1.663726857998719652e+03
1.320826317960518850e+02,5.010411246883525460e-02,3.511968842857341315e+03
8.470956742299807729e+01,3.056825192385804191e-01,3.061613303104071747e+03
6.569858783281347314e+01,2.660072900534439788e-01,2.479025786843421429e+03
1.037594167852183347e+02,1.165221241033968375e-01,2.990280228874193654e+03
7.913805420189902406e+01,1.073024578914124061e-01,2.342311297357374769e+03
3.977354472802964835e+01,1.736566849642411925e-01,1.531808602186707276e+03
1.288221684322085707e+02,6.027348881366284550e-02,3.455618535268083178e+03
5.366941272642851146e+01,5.037315298935114011e-02,1.524814766017235797e+03
5.477921267139751649e+01,9.418535807591194020e-02,1.680611309557878258e+03
4.223361369648321073e+01,1.543840362957823453e-01,1.543581802127956053e+03
1.200146844450562895e+02,9.783389266336657564e-02,3.353506838324631644e+03
7.386513342817096373e+01,6.283953188910565424e-02,2.072647227078611195e+03
1.285145297447749613e+02,3.122126100190976139e-01,4.219515369596212622e+03
7.799495504028277537e+01,1.247692931204993499e-01,2.370287780232542445e+03
8.778237442790222644e+01,6.114160458061645292e-02,2.423613363400213530e+03
7.457052213922816009e+01,8.478878245757766330e-02,2.146494088877877857e+03
3.815558252830515329e+01,6.863596555685340384e-02,1.186724091401202713e+03
7.651968748474862991e+01,9.899180284904876559e-02,2.249169833876558187e+03
1.443080786741624593e+02,5.664865208669118968e-02,3.836006253882015244e+03
7.808223372704210874e+01,1.526063238061220462e-01,2.452258643689257042e+03
1.362692135373066549e+02,5.704572503311512721e-02,3.649843330527199669e+03
4.449570263963904182e+01,7.055512409298199394e-02,1.346321616578602516e+03
1.444649347616749537e+02,5.092677025955297254e-02,3.839602257483455105e+03
4.035022877775909933e+01,7.737918971682164471e-02,1.258834187379790592e+03
3.026864715371406689e+01,1.437757111059223547e-01,1.215743213768774240e+03
1.035874057059561721e+02,8.427352399444107411e-02,2.883177745089193650e+03
1.449377693450011577e+02,5.339834427230059910e-02,3.848365193134656238e+03
3.319310276455603770e+01,8.012747486341141590e-02,1.099514128622376802e+03
8.763068484319992990e+01,7.283350397790779029e-02,2.433657148115158634e+03
1.007353638176730328e+02,5.338873841756403005e-02,2.738329163144563609e+03
4.399870386493033436e+01,3.726427363455574460e-01,2.260665468086831424e+03
4.783777992994107109e+01,1.259053402598877547e-01,1.601122191351925949e+03
3.363376985998137059e+01,7.896107217893644226e-02,1.104229858691623576e+03
9.976498140360418176e+01,1.861813862361652860e-01,3.098926238852598999e+03
8.748900916412191009e+01,6.569925271993538596e-01,4.190843105284400735e+03
5.714802053089091771e+01,1.329895386824510861e-01,1.849296718155138933e+03
4.904721349179079226e+01,2.621119235106657008e-01,2.064789246172444109e+03
8.897676730481899199e+01,2.419618387000634363e-01,3.002685883102652497e+03
9.824273917182622995e+01,7.338924840827654172e-02,2.721392090457582071e+03
8.774725821589595398e+01,5.209334170360482297e-01,3.799785340451556749e+03
1.268647365994345932e+02,7.726034705574004458e-02,3.454314317644596940e+03
3.553553483386380663e+01,1.472407602846723118e-01,1.358961363171165203e+03
1.110123149858636964e+02,9.312066992562653689e-02,3.100907730197865476e+03
4.354007498674249632e+01,2.254654122319285914e-01,1.768471583371752104e+03
1.234290327308849982e+02,1.471985627702404598e-01,3.593455526875710348e+03
1.483429231311287140e+02,6.708037873354652514e-02,4.002915608862080717e+03
1.111606043746802612e+02,7.529921842409906252e-02,3.056899211279735937e+03
3.742369746529050900e+01,5.632452318319289275e-02,1.137218239163480575e+03
9.436840806807965976e+01,7.105854594223384724e-02,2.614908438073770412e+03
7.478766733137462097e+01,8.817485021491819341e-02,2.177950561046086477e+03
8.680949083382787990e+01,9.051411725879998649e-02,2.517727467380732833e+03
1.304029321216973756e+02,8.544734472361878441e-02,3.580088496370038229e+03
6.812906591226493447e+01,5.558984751336167041e-02,1.917199453625403976e+03
8.127322404156033997e+01,1.761407339661962002e-01,2.591570655903953138e+03
1.079283155189403942e+02,8.324420516528256708e-02,2.986575480245058770e+03
9.948994418275937335e+01,4.656310590665713733e-01,3.933139822823648046e+03
6.756629031579313960e+01,5.190441318418415745e-02,1.886627219317659637e+03
1.479973609324450763e+02,1.991445544584156402e-01,4.380476223013323761e+03
1.113372396564434723e+02,9.200113687345057301e-01,5.611355970277913002e+03
4.615647654631926855e+01,7.059520702807066395e-02,1.379281446041598429e+03
9.065463054749152150e+01,6.353217286055160007e-02,2.522102072105419211e+03
5.256128550555824575e+01,2.559188195957344258e-01,2.106665586424445337e+03
1.187812735977905874e+02,1.172029455136371356e-01,3.373316114596454099e+03
1.119653263124836684e+02,5.734670427946452209e-01,4.583152895181749955e+03
1.202003973944434136e+02,1.392622912531175927e-01,3.478973629911520675e+03
1.260267369348936626e+02,7.243936885307203366e-02,3.437939501325886340e+03
9.649017307577999247e+01,5.364806632039579443e-02,2.611743594021362242e+03
9.143436605619845636e+01,1.195694375003142629e-01,2.697531299505155857e+03
4.099462468137662796e+01,5.170863125159928103e-02,1.203989063495929940e+03
1.289952768475234848e+02,1.279757162476327093e-01,3.663302668422499210e+03
1.046761113280589512e+02,8.903866908611066666e-01,5.349633462758008136e+03
9.238567510991497045e+01,7.400579635482197605e-02,2.559674953827636728e+03
1.468331831631691955e+02,6.113493758934238076e-02,3.934082485326855021e+03
1.433430992458551145e+02,6.359123061079230421e-02,3.860437485159423431e+03
6.306997885560797101e+01,6.580545031935497446e-01,3.578038922487328364e+03
5.587921057613844056e+01,9.124700755098748284e-02,1.694416792838612309e+03
4.210407091677896574e+01,5.853763626685236365e-02,1.248332295772364432e+03
8.543351330827883316e+01,1.020820894542358720e-01,2.460418364652351102e+03
7.624707628363401568e+01,7.990892392090617746e-02,2.194185560031023215e+03
1.039073470887836379e+02,2.239600360419955194e-01,3.330274836951351517e+03
8.259106624933750140e+01,6.553939280366286035e-02,2.290675450444333819e+03
9.373532007399185773e+01,4.664555850286829508e-01,3.775318794957058344e+03
1.123531659143459791e+02,6.722443716384758627e-02,3.061017975837228732e+03
1.099329632078140691e+02,1.127192906464172251e-01,3.152266500964675288e+03
8.793905583281099325e+01,1.310569079620189092e-01,2.626589647838779911e+03
5.550301519921754334e+01,6.215983717006604015e-02,1.597780261678065244e+03
5.872463244693172157e+01,6.303844991291411570e-02,1.682265395083556768e+03
7.316253496599927075e+01,1.943933825890283296e-01,2.444737985355897308e+03
8.615462239865023264e+01,3.408551619813010025e-01,3.223677346151963320e+03
6.511320052703119643e+01,6.167136232190705697e-02,1.844420469060722553e+03
3.919063075922888828e+01,1.764338569270158807e-01,1.537600290606653061e+03
3.407931005173247030e+01,6.445002529080878784e-02,1.059358403106599326e+03
7.567089811899975871e+01,5.124996117757896208e-02,2.080917186091763597e+03
1.155235145491427318e+02,1.087023696978549614e-01,3.288303886260572654e+03
7.260915008589938680e+01,1.549672112325185536e+00,6.509383112803209769e+03
1.169169651534464833e+02,6.149553387619939582e-02,3.159521752876510618e+03
1.021152205840527643e+02,1.562347617400711985e-01,3.053586050338778023e+03
1.057941435244163983e+02,5.004704530059553985e-02,2.854325904956981049e+03
7.905468882348631610e+01,3.182457897716780004e-01,2.950652209749800477e+03
3.257324136189814823e+01,6.425994079141975068e-02,1.023429481524933067e+03
6.565932903873326154e+01,5.415513271875615348e-02,1.835459466141480561e+03
7.358557908180688401e+01,2.897567986869790668e-01,2.761807377396260108e+03
1.372004101291143456e+02,7.046249685607570978e-02,3.714257412999596909e+03
4.120187186477052421e+01,1.336589821329182970e-01,1.446009865728501609e+03
7.499265234814112091e+01,7.281319036768896247e-02,2.122086809682070452e+03
5.133317554252757020e+01,1.472704217780717584e-01,1.752158645832348839e+03
9.280598363951980900e+01,9.850392159127739633e-02,2.659205354810816516e+03
5.241523354522885114e+01,6.960670902464730636e-01,3.428845507848699071e+03
4.018758466808589702e+01,1.723680911163337770e-01,1.545675049614745831e+03
1.297683200930778753e+02,1.090857343000487534e-01,3.624006333854011700e+03
1.490384602144648625e+02,1.409300228553641565e-01,4.232371597806690261e+03
